callback_ms,sensor_to_cmd_ms
159.78569599974435,243.966016
28.67999999989479,112.727839
11.195200000202021,94.79791999999999
10.541920000378013,94.028768
15.503648000048997,98.80767999999999
10.94262400010848,94.277087
10.011903999838978,93.221728
10.425311999824771,93.725855
14.336864000142668,97.71081500000001
10.019423999892751,93.529471
10.503808000066783,93.88607999999999
38.02969599973949,121.5184
9.348575999865716,93.615679
10.379968000052031,93.606015
14.423072000226966,97.823551
11.022719999800756,94.113663
10.280832000262308,93.662368
9.89510399995197,93.077248
14.412351999908424,97.608959
7.701280000219413,92.310368
4.156544000124995,88.324512
6.967232000079093,91.464639
4.839231999994809,89.271231
4.8366080000050715,89.351327
8.47328000008929,92.875007
4.835744000047271,88.89817599999999
5.033951999848796,89.47379099999999
37.70086399981665,122.208895
4.920672000025661,89.492192
7.230080000226735,91.920384
9.895744000004925,94.435232
5.248672000107035,89.74822400000001
4.751007999857393,89.257984
4.938015999869094,89.42208
8.33926400036944,92.973248
4.899424000086583,89.299007
6.871168000088801,91.31702299999999
4.078624000158015,88.62358400000001
7.6627200000984885,92.15804700000001
4.725759999928414,89.112352
4.7794880001674755,89.216768
8.179423999990831,92.775199
4.802592000032746,89.225983
4.700511999999435,89.275775
4.60908799959725,89.123744
7.751871999971627,92.055071
4.956704000051104,89.56438399999999
5.675232000157848,90.314144
8.038464000037493,92.562847
5.099231999793119,89.406336
5.085119999876042,89.64067200000001
5.039552000198455,89.318688
7.695744000102422,92.27036700000001
5.012800000258721,89.50688
5.014496000057989,89.373312
10.136127999885503,94.59340800000001
4.701856000338012,88.63958299999999
4.725344000235054,89.231327
8.746272000280442,93.31558399999999
4.723487999854115,89.34611100000001
4.403360000196699,88.52998400000001
35.54739199989854,120.21222300000001
4.853760000059992,89.42441600000001
5.085408000013558,89.543904
8.099872000002506,92.56105500000001
4.742208000152459,89.440352
4.7938239999893995,89.24966300000001
4.1849280000860745,88.889696
7.761280000067927,92.07660800000001
4.776736000167148,89.14540699999999
3.6088959996050107,88.198463
7.6790720004282775,92.519807
4.74675199984631,88.909855
3.524640000250656,88.06083100000001
7.808767999904376,92.459039
4.787391999798274,89.065151
4.448319999937667,89.102016
6.822336000368523,91.35932700000001
7.796512000368239,92.08576000000001
4.672832000323979,89.240288
4.838591999941855,89.355839
3.673279999929946,87.665727
8.237632000145823,92.474911
3.664415999992343,88.350047
4.81337600012921,89.44896
6.6031040000780195,91.006399
4.784415999893099,89.22569499999999
4.8678080001991475,89.151232
3.6401279999154212,87.48607899999999
7.7172800001790165,92.142687
4.817888000161474,89.302815
3.4455040004104376,88.121088
5.919967999943765,90.537215
35.75628800035702,120.176127
3.83510399979059,88.320447
3.8940159997764567,88.205535
4.77932800004055,89.110592
8.0474240003241,92.545119
4.771711999637773,89.27644799999999
3.487391999897227,87.90992
8.141215999785345,92.740768
4.872383999554586,89.503424
4.70454400010567,89.29455899999999
7.769344000280398,92.345023
4.99919999992926,89.350847
4.831199999898672,89.463616
8.051552000324591,92.593664
4.161952000231395,88.49395200000001
4.783744000178558,88.745824
4.905887999939296,89.379007
35.02220800010036,118.721439
5.03846399988106,89.650432
5.04179200015642,89.62464
8.232160000261501,92.86575900000001
3.777888000058738,87.87088
3.867263999836723,88.502847
3.8990080001894967,88.329504
8.504064000135259,93.377887
6.662752000011096,91.07628700000001
4.8854399997253495,89.50035100000001
4.243104000124731,87.986304
7.82656000001225,92.28595100000001
4.91072000022541,89.331135
4.828160000215576,89.229951
4.712959999778832,89.20352
35.54448000022603,119.95347100000001
4.995391999727872,89.527136
4.726560000108293,89.29132800000001
4.81692799985467,89.178847
8.271199999853707,92.679775
4.963232000136486,89.61494400000001
4.764863999753288,89.420639
4.824287999781518,89.329407
9.617760000310227,94.02809500000001
5.129407999902469,89.715487
4.945696000049793,89.496736
4.938560000027792,89.481216
7.792416000029334,92.37443200000001
4.844928000238724,89.456608
4.659776000153215,89.090143
9.739360000367014,94.331392
6.689599999845086,91.370143
6.624287999784428,91.222144
5.330495999714913,89.779968
8.346112000253925,93.311936
4.892416000075173,89.55279900000001
4.760512000302697,89.286367
5.019423999783612,89.77692800000001
8.442431999810651,93.19593599999999
4.314432000228408,88.78364800000001
4.883423999672232,89.479744
7.915744000001723,92.55475200000001
3.6728959998981736,88.098208
3.981024000040634,88.420288
7.715424000252824,92.233535
3.716927999903419,88.211103
4.909600000246428,89.559168
35.68944000016927,120.377504
4.006176000075357,88.697311
4.259040000306413,88.744127
4.775167999923724,89.385632
7.783487999859062,92.063647
4.883680000148161,89.03999999999999
5.943743999978324,90.389375
7.893248000073072,92.411232
4.671263999625808,88.881727
4.756255999836867,88.603423
4.847551999773714,89.33724699999999
7.595168000079866,92.131903
3.211295999790309,87.872799
4.8090240002238716,88.573247
8.079135999651044,92.736704
5.612991999896622,90.036671
5.136448000030214,89.999359
8.685919999606995,93.099423
5.389568000282452,90.153536
5.060192000200914,89.912736
8.66364799958319,92.957919
5.133759999807808,89.650976
5.104767999910109,89.81343899999999
8.099008000044705,92.686432
5.395680000219727,89.777504
4.9736959999791,89.57343900000001
8.440415999757533,92.86880000000001
5.054175999703148,89.740575
4.857823999827815,89.482463
7.606239999859099,92.273983
4.727775999981532,89.251712
5.090495999866107,89.51321499999999
3.487968000172259,87.372608
35.38739199984775,119.843744
4.945536000377615,89.40377600000001
4.007647999969777,88.634303
7.58099199993012,92.106432
4.850335999890376,89.22380700000001
4.0987200000017765,88.671904
7.865440000387025,92.385536
4.2891200000667595,88.967583
4.3524160000742995,88.730015
7.716927999808831,92.116095
5.025343999932375,89.84742299999999
4.9133119996440655,88.764991
8.844671999668208,93.37369500000001
4.8748799999884795,89.429856
4.804223999599344,89.386143
35.622368000076676,120.105824
7.870207999985723,92.48464000000001
4.869792000135931,89.54688
8.205088000067917,92.955679
6.076096000015241,90.63839899999999
4.943200000070647,89.36838399999999
7.848704000025464,92.197663
7.266240000262769,91.985023
6.703487999857316,91.18368000000001
8.627807999801007,93.197952
5.372895999698812,90.017919
4.79340800029604,89.275327
7.7859839998382085,92.331072
5.132767999839416,89.78208
4.800191999947856,89.29184
35.54048000023613,119.96771100000001
5.221055999754753,89.727328
4.738399999951071,89.34175900000001
7.857888000216917,92.336799
5.492672000400489,90.090784
6.34985599981519,90.918912
8.540415999959805,93.07075099999999
6.761119999737275,91.323135
4.992320000383188,89.519103
7.9605760001868475,92.54150299999999
6.867583999792259,91.292831
4.812160000255972,89.46243199999999
3.414496000004874,88.139807
8.927584000048228,93.63305500000001
5.013759999656031,89.918944
5.036768000081793,89.92582300000001
3.921280000213301,87.81408
8.002464000128384,92.904415
4.773952000050485,89.182784
3.4571520000099554,87.905312
4.867583999839553,89.464767
7.749920000151178,92.102271
4.816608000055567,89.225312
4.804767999758042,89.46448
10.165472000153386,94.616608
6.778559999929712,91.431007
5.7381760002499504,90.554816
7.956447999731608,92.68246400000001
4.942400000345515,89.649119
4.819647999738663,89.36841600000001
7.9546239999217505,92.547072
4.778879999776109,89.53775999999999
6.843008000032569,91.558687
4.600512000251911,88.47596800000001
7.8575679999630665,92.611711
4.661855999984255,89.377631
4.807008000170754,89.299712
9.928511999987677,94.485919
5.366496000078769,90.163648
5.951392000042688,90.22198300000001
4.773119999754272,89.39155099999999
8.10719999981302,92.42025500000001
5.437024000002566,89.96902299999999
3.6675520000244433,88.165215
7.393567999770312,92.13142400000001
10.317023999959929,94.69308699999999
7.288799999969342,91.858207
6.43558399997346,91.06848
8.477727999888884,93.014847
3.8742400001865462,87.847104
4.933375999826239,89.527423
8.371072000045388,92.98316700000001
5.246720000286587,89.622591
4.872543999681511,89.34304
4.808096000033402,89.39430399999999
8.2463359999565,92.734816
5.016927999804466,89.69228799999999
4.731200000151148,89.170176
8.480672000132472,92.97881500000001
3.7420799999381416,87.654399
4.865536000124848,89.578079
8.10377600009815,92.591775
4.846463999911066,89.52665499999999
6.735935999586218,91.59024000000001
8.505919999606704,93.131456
4.68844800025181,89.339328
4.595295999934024,89.166527
4.744832000142196,89.13721600000001
8.975167999778932,93.840096
4.675776000112819,89.263519
5.951359999926353,90.67424
4.703040000094916,89.206303
9.015808000185643,93.541888
4.922560000068188,89.570208
4.712864000339323,89.601184
9.765984000296157,94.316608
5.2300799998192815,89.991647
4.770335999637609,89.554495
9.011999999984255,93.495071
5.216832000314753,89.884608
7.062303999646247,91.554239
9.991807999995217,94.64713499999999
8.118047999687406,92.68192
6.034527999872807,90.535999
37.35491199995522,121.864064
6.5523200000825454,91.239328
4.631679999874905,88.95987099999999
11.059455999657075,95.578816
7.233216000258835,91.83820700000001
4.854400000112946,89.481248
8.52614400037055,93.03030299999999
5.024255999614979,89.756607
4.648703999919235,89.439295
9.916512000017974,94.57644699999999
6.862687999728223,91.331327
6.22812800020256,90.665183
8.969984000032127,93.649119
4.8949440001706535,89.497632
4.72751999996035,89.27667100000001
35.84515200009264,120.548928
4.749919999994745,89.452255
4.812383999706071,89.442847
8.724704000087513,93.302047
4.761440000038419,89.370431
4.6774080001341645,89.01011100000001
8.680351999828417,93.376448
4.74662399983572,89.240447
4.683583999849361,89.366111
8.719615999780217,93.263199
5.232160000105068,89.991104
4.6847999997226,89.051039
8.733728000152041,93.332191
4.9738239999896905,89.634624
4.758368000238988,89.030176
35.802655999759736,120.42873499999999
4.864095999892015,89.390752
4.58816000036677,89.093952
10.361983999700897,94.59801499999999
5.12892799997644,89.83248
4.750944000079471,89.097055
8.796736000022065,93.401823
4.717152000011993,89.20409599999999
4.69974399993589,89.278399
8.934592000059638,93.54032
7.0925760001046,91.66508800000001
7.002431999808323,91.293183
8.732927999972162,93.30121500000001
5.412672000147722,90.755903
4.585440000028029,89.299967
35.98665599974993,120.385311
4.736127999876771,89.288671
4.5555520000561955,89.058431
9.12473600010344,93.793951
4.898975999822142,89.91676799999999
4.75008000012167,89.505344
4.740031999972416,89.334304
8.666368000376679,93.85494299999999
5.021983999995427,89.64115100000001
5.507615999704285,89.98492800000001
5.053983999914635,89.791999
8.810016000097676,93.493855
4.727775999981532,89.311615
4.760256000281515,89.235071
8.71177599992734,93.429375
5.132639999828825,89.62256000000001
5.104959999698622,89.680128
4.703520000020944,89.196223
8.748191999984556,93.11808
5.57574399999794,90.10780799999999
4.658304000258795,89.201824
4.856575999838242,89.342528
8.922464000079344,93.488415
5.058592000295903,89.55830300000001
5.515264000223397,90.06620699999999
8.872319999682077,93.391552
5.269023999971978,89.838656
5.132543999934569,89.669472
10.566752000158885,95.308799
5.719967999993969,90.314464
4.868607999924279,89.27049500000001
4.695552000157477,89.22739200000001
8.891584000139119,93.44864
4.789216000062879,89.22371199999999
4.980736000106845,89.84419100000001
4.947968000124092,89.419392
8.928544000355032,93.49615899999999
4.7434879998036195,89.33008000000001
5.01308799994149,89.645184
8.701151999957801,93.105536
4.8091839998960495,89.22543900000001
5.167807999896468,89.73932799999999
8.82675200000449,93.67023900000001
4.734176000056323,89.01865600000001
5.082912000034412,89.420224
4.5762879999529105,88.870336
8.769344000029378,93.140127
5.03251200007071,89.548064
4.84470399987913,89.289152
5.124479999722098,89.475519
8.863968000241584,93.21782300000001
4.671135999615217,89.194272
4.683040000145411,88.971615
8.811776000129612,93.57548799999999
4.694912000104523,89.28380700000001
5.765471999893634,90.278304
5.453407999993942,89.946464
9.209280000050057,93.76895999999999
4.785216000072978,89.42723199999999
4.983935999916866,89.645183
4.594527999870479,89.11104
8.95033599999806,93.57852799999999
5.13193599999795,89.517983
4.638528000214137,89.20966299999999
8.708064000074955,93.551071
4.693408000093768,88.9712
4.948736000187637,89.427583
4.715776000011829,89.455584
36.59910399983346,121.112544
4.76271999968958,89.354847
4.81024000009711,89.399871
9.159168000223872,93.879295
4.6698559999640565,89.081855
4.920831999697839,89.282463
9.211359999881097,93.610687
4.663327999878675,89.06367900000001
4.791968000063207,89.22368
11.08191999992414,95.72176
4.803744000128063,89.333087
4.865152000093076,89.481855
9.435903999928996,93.970815
4.807135999726597,89.43295900000001
4.727007999917987,89.164383
38.297055999919394,122.93567900000001
4.624543999852904,89.342527
4.748064000068553,89.164672
9.018367999942711,93.345535
4.62243199990553,89.245056
4.725408000012976,89.29763200000001
8.99900800004616,93.214047
4.609503999745357,88.835584
4.829632000109996,89.160799
9.141311999883328,93.76620700000001
4.806528000244725,89.439327
4.8670399996808555,89.42368
9.039999999913562,93.7832
4.701664000094752,89.226591
4.737887999908708,89.590015
35.99766400020599,120.49014399999999
4.665119999572198,89.15679899999999
5.009087999951589,89.320192
8.70630400004302,93.475104
4.723359999843524,89.355488
4.718592000244826,89.334432
8.795935999842186,93.444351
4.694079999808309,89.146687
4.716928000107146,89.27273500000001
8.767104000071413,93.456159
4.707199999756995,89.279775
4.652703999909136,89.408576
4.590272000314144,89.108864
8.672960000239982,93.41824
4.759936000027665,89.414656
4.67049600001701,89.437375
35.90598399978262,120.542688
4.739680000056978,89.292512
4.656511999655777,89.302016
8.686848000252212,93.38896
4.689471999881789,89.197375
4.702623999946809,89.216031
4.695776000062324,89.109568
10.584128000118653,95.067072
6.943648000287794,91.62096
4.668384000069636,89.2504
4.750048000005336,89.388096
8.774687999903108,93.193152
4.808767999747943,89.589216
4.723743999875296,89.32902299999999
8.698271999946883,93.290815
4.626559999906021,89.26601500000001
4.690751999987697,89.35568
8.72092800000246,93.532192
4.734240000288992,89.289664
4.785311999967234,89.32348800000001
8.694688000105089,93.257311
4.676896000091801,89.04144
4.751615999794012,88.723551
8.693311999650177,93.06815999999999
4.63644799992835,89.22086399999999
